file,signal,occurrences,classification
src/App.tsx,mock_demo_fixture_symbol,1,LEGACY_SYNTHETIC
src/AuthenticatedShell.tsx,mock_demo_fixture_symbol,1,LEGACY_SYNTHETIC
src/capabilities/registry.ts,mock_demo_fixture_symbol,1,LEGACY_SYNTHETIC
src/components/UploadZone.tsx,nondeterministic_random,4,LEGACY_SYNTHETIC
src/components/aoc/AOCCloudDeployments.tsx,mock_demo_fixture_symbol,1,LEGACY_SYNTHETIC
src/components/aoc/AOCGovernancePanel.tsx,mock_demo_fixture_symbol,1,LEGACY_SYNTHETIC
src/components/aoc/AOCLiveTab.tsx,mock_demo_fixture_symbol,1,LEGACY_SYNTHETIC
src/components/aoc/AOCMetricsAdvanced.tsx,nondeterministic_random,3,LEGACY_SYNTHETIC
src/components/aoc/AOCVersionHistory.tsx,mock_demo_fixture_symbol,1,LEGACY_SYNTHETIC
src/components/aoc/AOCWorkflowTab.tsx,mock_demo_fixture_symbol,1,LEGACY_SYNTHETIC
src/components/auth/BackgroundGrid.tsx,nondeterministic_random,7,LEGACY_SYNTHETIC
src/components/blueprint/ScenarioEnhancementsPanel.tsx,mock_demo_fixture_symbol,1,LEGACY_SYNTHETIC
src/components/builder/step5/BuilderPreviewEngine.ts,nondeterministic_random,8,LEGACY_SYNTHETIC
src/components/builder/step5/SimulationDashboard.tsx,mock_demo_fixture_symbol,1,LEGACY_SYNTHETIC
src/components/builder/step5/fixtures/builderMock.ts,nondeterministic_random,2,LEGACY_SYNTHETIC
src/components/data-centre-twin/domains/CarbonDomainView.tsx,mock_demo_fixture_symbol,1,LEGACY_SYNTHETIC
src/components/data-centre-twin/domains/CoolingDomainView.tsx,mock_demo_fixture_symbol,1,LEGACY_SYNTHETIC
src/components/data-centre-twin/domains/FacilityDomainView.tsx,mock_demo_fixture_symbol,1,LEGACY_SYNTHETIC
src/components/data-centre-twin/domains/FinancialDomainView.tsx,mock_demo_fixture_symbol,1,LEGACY_SYNTHETIC
src/components/data-centre-twin/domains/NetworkDomainView.tsx,mock_demo_fixture_symbol,1,LEGACY_SYNTHETIC
src/components/data-centre-twin/domains/NetworkDomainView.tsx,nondeterministic_random,11,LEGACY_SYNTHETIC
src/components/data-centre-twin/domains/PowerDomainView.tsx,mock_demo_fixture_symbol,1,LEGACY_SYNTHETIC
src/components/data-centre-twin/domains/ThermalDomainView.tsx,mock_demo_fixture_symbol,1,LEGACY_SYNTHETIC
src/components/data-centre-twin/domains/WorkloadDomainView.tsx,mock_demo_fixture_symbol,1,LEGACY_SYNTHETIC
src/components/data-centre-twin/domains/__tests__/domainProvenance.test.tsx,mock_demo_fixture_symbol,1,LEGACY_SYNTHETIC
src/components/data-centre-twin/domains/metricCatalogs.ts,mock_demo_fixture_symbol,1,LEGACY_SYNTHETIC
src/components/data-centre-twin/overview/CompactRackOverview.tsx,nondeterministic_random,1,LEGACY_SYNTHETIC
src/components/data-centre-twin/overview/EnhancedRackOverview.tsx,nondeterministic_random,2,LEGACY_SYNTHETIC
src/components/data-centre-twin/overview/SparklineChart.tsx,nondeterministic_random,1,LEGACY_SYNTHETIC
src/components/data-centre-twin/thermal/ThermalHeatmapUtils.ts,nondeterministic_random,1,LEGACY_SYNTHETIC
src/components/dc-twin/tabs/DCSimulationTab.tsx,nondeterministic_random,7,LEGACY_SYNTHETIC
src/components/dsx/OperationalTruthBar.tsx,mock_demo_fixture_symbol,1,LEGACY_SYNTHETIC
src/components/dsx/PowerOneLine.tsx,mock_demo_fixture_symbol,1,LEGACY_SYNTHETIC
src/components/dsx/RackMap.tsx,mock_demo_fixture_symbol,1,LEGACY_SYNTHETIC
src/components/dsx/ScenarioPanel.tsx,mock_demo_fixture_symbol,1,LEGACY_SYNTHETIC
src/components/dsx/SideInspector.tsx,mock_demo_fixture_symbol,1,LEGACY_SYNTHETIC
src/components/integrations/IntegrationDrawer.tsx,nondeterministic_random,3,LEGACY_SYNTHETIC
src/components/marketplace/TemplateSimulation.tsx,nondeterministic_random,4,LEGACY_SYNTHETIC
src/components/search/RecommendationsPanel.tsx,nondeterministic_random,1,LEGACY_SYNTHETIC
src/components/simulation/AnimatedRackHeatmap.tsx,mock_demo_fixture_symbol,1,LEGACY_SYNTHETIC
src/components/simulation/DCSimulationPanel.tsx,nondeterministic_random,1,LEGACY_SYNTHETIC
src/components/simulation/EnhancedKPIChartsPanel.tsx,mock_demo_fixture_symbol,1,LEGACY_SYNTHETIC
src/components/simulation/KPICorrelationMatrix.tsx,mock_demo_fixture_symbol,1,LEGACY_SYNTHETIC
src/components/simulation/KPICorrelationMatrix.tsx,nondeterministic_random,1,LEGACY_SYNTHETIC
src/components/simulation/MultiKPIOverlay.tsx,nondeterministic_random,1,LEGACY_SYNTHETIC
src/components/simulation/ScenarioSimulationPanel.tsx,nondeterministic_random,1,LEGACY_SYNTHETIC
src/components/simulation/__tests__/dcSimulationPanelSeed.test.ts,nondeterministic_random,1,LEGACY_SYNTHETIC
src/components/simulation/__tests__/phase1a3b2.test.tsx,mock_demo_fixture_symbol,1,LEGACY_SYNTHETIC
src/components/simulation/exportSimulationResult.ts,mock_demo_fixture_symbol,1,LEGACY_SYNTHETIC
src/components/templates/StandardizedTemplatePreview.tsx,mock_demo_fixture_symbol,1,LEGACY_SYNTHETIC
src/components/templates/overview/KPIMetricCards.tsx,mock_demo_fixture_symbol,1,LEGACY_SYNTHETIC
src/components/templates/preview/TemplateChatInterface.tsx,mock_demo_fixture_symbol,1,LEGACY_SYNTHETIC
src/components/twin-visualization/CoolingOverlayLayer.tsx,nondeterministic_random,8,LEGACY_SYNTHETIC
src/components/twin-visualization/FacilityLighting.tsx,mock_demo_fixture_symbol,1,LEGACY_SYNTHETIC
src/components/twin-visualization/__tests__/facilityStructure.test.ts,mock_demo_fixture_symbol,1,LEGACY_SYNTHETIC
src/components/twin-visualization/hooks/useTwinVisualizationData.ts,nondeterministic_random,4,LEGACY_SYNTHETIC
src/components/ui/sidebar.tsx,nondeterministic_random,1,LEGACY_SYNTHETIC
src/components/workflow/WorkflowEditor.tsx,nondeterministic_random,2,LEGACY_SYNTHETIC
src/data/industryAccurateDefaults.ts,nondeterministic_random,2,LEGACY_SYNTHETIC
src/dsx/__tests__/evidenceBeta.test.ts,mock_demo_fixture_symbol,1,LEGACY_SYNTHETIC
src/dsx/__tests__/evidenceBoundary.test.ts,mock_demo_fixture_symbol,1,LEGACY_SYNTHETIC
src/dsx/__tests__/exchangeViewerSimready.test.ts,mock_demo_fixture_symbol,1,LEGACY_SYNTHETIC
src/dsx/__tests__/investigationContext.test.tsx,mock_demo_fixture_symbol,1,LEGACY_SYNTHETIC
src/dsx/__tests__/metricDrilldown.test.ts,mock_demo_fixture_symbol,1,LEGACY_SYNTHETIC
src/dsx/__tests__/operatorWorkspaces.test.ts,mock_demo_fixture_symbol,1,LEGACY_SYNTHETIC
src/dsx/adapters/index.ts,mock_demo_fixture_symbol,1,LEGACY_SYNTHETIC
src/dsx/adapters/ingestPipeline.ts,mock_demo_fixture_symbol,1,LEGACY_SYNTHETIC
src/dsx/adapters/liveDisabledAdapter.ts,mock_demo_fixture_symbol,1,LEGACY_SYNTHETIC
src/dsx/adapters/replayAdapter.ts,mock_demo_fixture_symbol,1,LEGACY_SYNTHETIC
src/dsx/adapters/simulatedAdapter.ts,mock_demo_fixture_symbol,1,LEGACY_SYNTHETIC
src/dsx/adapters/types.ts,mock_demo_fixture_symbol,1,LEGACY_SYNTHETIC
src/dsx/exchange/dsxExchangeAdapter.ts,mock_demo_fixture_symbol,1,LEGACY_SYNTHETIC
src/dsx/fixtures/determinism.ts,mock_demo_fixture_symbol,1,LEGACY_SYNTHETIC
src/dsx/fixtures/determinism.ts,nondeterministic_random,1,LEGACY_SYNTHETIC
src/dsx/fixtures/evidenceBetaFacility.ts,mock_demo_fixture_symbol,1,LEGACY_SYNTHETIC
src/dsx/fixtures/timelines.ts,mock_demo_fixture_symbol,1,LEGACY_SYNTHETIC
src/dsx/metrics/computeKpis.ts,mock_demo_fixture_symbol,1,LEGACY_SYNTHETIC
src/dsx/runtime/EvidenceBetaContext.tsx,mock_demo_fixture_symbol,1,LEGACY_SYNTHETIC
src/dsx/runtime/useEvidenceBeta.ts,mock_demo_fixture_symbol,1,LEGACY_SYNTHETIC
src/dsx/runtime/useRunSeries.ts,mock_demo_fixture_symbol,1,LEGACY_SYNTHETIC
src/dsx/scenario/degradationEngine.ts,mock_demo_fixture_symbol,1,LEGACY_SYNTHETIC
src/dsx/simready/onboarding.ts,mock_demo_fixture_symbol,1,LEGACY_SYNTHETIC
src/dsx/viewer/viewerBoundary.ts,mock_demo_fixture_symbol,1,LEGACY_SYNTHETIC
src/dsx/workspaces/constraints.ts,mock_demo_fixture_symbol,1,LEGACY_SYNTHETIC
src/dsx/workspaces/facilityGraph.ts,mock_demo_fixture_symbol,1,LEGACY_SYNTHETIC
src/hooks/useAgentData.ts,mock_demo_fixture_symbol,1,LEGACY_SYNTHETIC
src/hooks/useAgentMetrics.ts,mock_demo_fixture_symbol,1,LEGACY_SYNTHETIC
src/hooks/useAgentRuns.ts,nondeterministic_random,3,LEGACY_SYNTHETIC
src/hooks/useAgentSimulations.ts,mock_demo_fixture_symbol,1,LEGACY_SYNTHETIC
src/hooks/useSyncJobFeed.ts,mock_demo_fixture_symbol,1,LEGACY_SYNTHETIC
src/lib/compliance/types.ts,mock_demo_fixture_symbol,1,LEGACY_SYNTHETIC
src/lib/copilot/contextBuilder.ts,mock_demo_fixture_symbol,1,LEGACY_SYNTHETIC
src/lib/copilot/dcDomainContext.ts,mock_demo_fixture_symbol,1,LEGACY_SYNTHETIC
src/lib/generators/mockSimulationData.ts,nondeterministic_random,23,LEGACY_SYNTHETIC
src/lib/jobQueue.ts,nondeterministic_random,1,LEGACY_SYNTHETIC
src/lib/mock/transportCanadaMockData.ts,nondeterministic_random,4,LEGACY_SYNTHETIC
src/lib/provenance/exporters/__tests__/exporters.test.ts,mock_demo_fixture_symbol,1,LEGACY_SYNTHETIC
src/lib/provenance/types.ts,mock_demo_fixture_symbol,1,LEGACY_SYNTHETIC
src/lib/retry.ts,nondeterministic_random,1,LEGACY_SYNTHETIC
src/pages/ConnectMonitor.tsx,mock_demo_fixture_symbol,1,LEGACY_SYNTHETIC
src/pages/DataCentreTwin.tsx,mock_demo_fixture_symbol,1,LEGACY_SYNTHETIC
src/pages/IntelligenceDashboard.tsx,mock_demo_fixture_symbol,1,LEGACY_SYNTHETIC
src/pages/IntelligenceDashboard.tsx,nondeterministic_random,3,LEGACY_SYNTHETIC
src/pages/Search.tsx,nondeterministic_random,1,LEGACY_SYNTHETIC
src/pages/Teams.tsx,nondeterministic_random,1,LEGACY_SYNTHETIC
src/pages/__tests__/intelligenceInfrastructureProvenance.test.tsx,mock_demo_fixture_symbol,1,LEGACY_SYNTHETIC
src/pages/blueprint/operatorModel.ts,nondeterministic_random,1,LEGACY_SYNTHETIC
src/pages/dsx/workspaces/index.tsx,mock_demo_fixture_symbol,1,LEGACY_SYNTHETIC
src/pages/test/OverlayFixtures.tsx,mock_demo_fixture_symbol,1,LEGACY_SYNTHETIC
src/simulation/__tests__/characterization/builder.mockSimulationEngine.spec.ts,mock_demo_fixture_symbol,1,LEGACY_SYNTHETIC
src/simulation/__tests__/characterization/dataCenter.simulationEngine.spec.ts,mock_demo_fixture_symbol,1,LEGACY_SYNTHETIC
src/simulation/compat/dataCenterEngine.ts,nondeterministic_random,1,LEGACY_SYNTHETIC
src/simulation/compat/sovereignDataCenterEngine.ts,nondeterministic_random,2,LEGACY_SYNTHETIC
src/simulation/customScenarioBuilder.ts,nondeterministic_random,1,LEGACY_SYNTHETIC
src/simulation/generateSimulationResult.ts,nondeterministic_random,4,LEGACY_SYNTHETIC
src/simulation/providers/types.ts,mock_demo_fixture_symbol,1,LEGACY_SYNTHETIC
src/sovereignty/copilotAwareness.ts,mock_demo_fixture_symbol,1,LEGACY_SYNTHETIC
src/sovereignty/index.ts,mock_demo_fixture_symbol,1,LEGACY_SYNTHETIC
src/sovereignty/mockData.ts,mock_demo_fixture_symbol,1,LEGACY_SYNTHETIC
src/sovereignty/useSovereignty.ts,mock_demo_fixture_symbol,1,LEGACY_SYNTHETIC
src/three/textures.ts,nondeterministic_random,2,LEGACY_SYNTHETIC
src/twins/dataCenter/__tests__/omniverseAdapter.test.ts,nondeterministic_random,1,LEGACY_SYNTHETIC
src/twins/dataCenter/index.ts,mock_demo_fixture_symbol,1,LEGACY_SYNTHETIC
src/twins/dataCenter/mockData.ts,nondeterministic_random,10,LEGACY_SYNTHETIC
src/twins/dataCenter/omniverseAdapter.ts,mock_demo_fixture_symbol,1,LEGACY_SYNTHETIC
src/twins/dataCenter/omniverseAdapter.ts,nondeterministic_random,1,LEGACY_SYNTHETIC
src/twins/sovereignDataCenter/__tests__/generatePlaybook.test.ts,mock_demo_fixture_symbol,1,LEGACY_SYNTHETIC
src/twins/sovereignDataCenter/__tests__/mockData.test.ts,mock_demo_fixture_symbol,1,LEGACY_SYNTHETIC
src/twins/sovereignDataCenter/__tests__/simulationEngine.test.ts,mock_demo_fixture_symbol,1,LEGACY_SYNTHETIC
src/twins/sovereignDataCenter/components/SovereignDCSimulationDashboard.tsx,mock_demo_fixture_symbol,1,LEGACY_SYNTHETIC
src/twins/sovereignDataCenter/enhancedSimulationEngine.ts,nondeterministic_random,1,LEGACY_SYNTHETIC
src/twins/sovereignDataCenter/hooks/useSovereignDCTwin.ts,mock_demo_fixture_symbol,1,LEGACY_SYNTHETIC
src/twins/sovereignDataCenter/index.ts,mock_demo_fixture_symbol,1,LEGACY_SYNTHETIC
src/twins/sovereignDataCenter/mockData.ts,nondeterministic_random,56,LEGACY_SYNTHETIC
src/twins/sovereignDataCenter/templateDefinition.ts,mock_demo_fixture_symbol,1,LEGACY_SYNTHETIC
src/workspace/AuraWorkspace.tsx,mock_demo_fixture_symbol,1,LEGACY_SYNTHETIC
src/workspace/CommandCentre.tsx,mock_demo_fixture_symbol,1,LEGACY_SYNTHETIC
src/workspace/dashboard/RecentSimulations.tsx,mock_demo_fixture_symbol,1,LEGACY_SYNTHETIC
src/workspace/runFixtures.ts,mock_demo_fixture_symbol,1,LEGACY_SYNTHETIC
src/workspace/workspaceStore.ts,mock_demo_fixture_symbol,1,LEGACY_SYNTHETIC
