route	source	required_role	current_layout	initializes_excluded_capabilities	invokes_blocked_functions	renders_synthetic_or_hardcoded	read_only	usable_as_pilot	blocking_reason
/	src/App.tsx:205 (authed branch)	authenticated + is_approved	<Layout>	yes (CoPilotPanel, CoPilotBubble, HealthBadges->health, useTokenRefresh->zapier-auto-refresh/zapier-refresh-token, GlobalSearchBar->search-suggestions on interaction, AOCQuickAccessButton, DataCentreSelector)	yes (Dashboard mounts ai-systems-unified on first render; systems-delete on user action)	yes (Dashboard mixes fabricated fallback rows and hardcoded metrics on non-2xx)	no (delete action present)	no	Layout mounts excluded capabilities AND Dashboard invokes ai-systems-unified on initial render. Removing either without replacement breaks the page. Rewriting Dashboard is architectural expansion.
/dashboard	src/App.tsx:206	authenticated + is_approved	<Layout>	yes (same as /)	yes (same as /)	yes	no	no	Same as /.
/analytics	src/App.tsx:213	authenticated + is_approved	<Layout>	yes (same as /)	yes (IntelligenceDashboard invokes ops-overview on initial render)	yes	yes (view only, but rendered inside Layout)	no	Same Layout issue plus ops-overview dependency. Blocked-function fallback path renders placeholders but the mount still initializes Layout excluded capabilities.
/operations	src/App.tsx:214	authenticated + is_approved	<Layout>	yes	yes (ops-overview)	yes	yes	no	Same as /analytics.
/intelligence	src/App.tsx:215	authenticated + is_approved	<Layout>	yes	yes (ops-overview)	yes	yes	no	Same as /analytics.
/account/profile	src/App.tsx:216	authenticated + is_approved	<Layout>	yes (Layout)	no	no (reads profile row)	yes (read-only view; edit action is a write)	no	No edge-function calls, but rendered inside Layout which initializes excluded capabilities. Not an AURA overview or asset/metric inspection surface either.
/account/settings	src/App.tsx:217	authenticated + is_approved	<Layout>	yes	no	partially (reads settings; writes on save)	no	no	Contains writes; also inside Layout.
/help	src/App.tsx:243	authenticated + is_approved	<Layout>	yes	no	no	yes	no	Not an AURA overview or asset/metric inspection; still inside Layout.
/sign-out	src/App.tsx:252	authenticated (any)	standalone (no Layout)	no	no	no	writes via supabase.auth.signOut (SDK, not edge function)	yes	Usable as a logout endpoint for both public and approved-user pilots.
