migration,tables_created,grants_present,static_issues
20251209160634_remix_migration_from_pg_dump.sql,agent_action_logs;agent_activity_logs;agent_conversations;agent_custom_questions;agent_drafts;agent_environments;agent_exports;agent_integrations;agent_memory;agent_messages;agent_runs;agent_runtime_status;agent_suggestions_cache;agent_templates;agent_versions;agent_workflows;agents;ai_recommendations_cache;audit_logs;capture_cache;captured_pages;cloud_deployments;contact_expert_logs;content_embeddings;copilot_events;copilot_memory;copilot_sessions;copilot_sessions_cache;crawl_jobs;departments;deployment_tracking;deployments;digital_twin_runs;digital_twins;document_analysis_jobs;documents;environments;funding_programs;heartbeats;indexed_content;industry_agents;industry_templates;integration_logs;integration_sync_logs;integrations;integrations_connections;integrations_tokens;intelligence_settings;knowledge_sources;m2m_templates;mcp_credentials;mcp_servers_catalog;mcp_sync_runs;mcp_tokens;system_health;oauth_states;organizations;page_classifications;page_summaries;policies;policy_audit;policy_bindings;profiles;rag_chunks;rag_documents;rag_items;rag_tokens;recommendations;roi_assumptions;roi_snapshots;scraper_logs;search_analytics;search_history;site_crawls;site_pages;sites;sovereign_dc_facilities;sovereign_dc_simulation_runs;system_builder_state;system_events;system_integrations;team_invites;user_roles;website_content_cache;workflow_edges;workflow_nodes;workflow_run_events;workflow_runs;workflows;zapier_apps,none,create_without_grant:agent_action_logs;create_without_grant:agent_activity_logs;create_without_grant:agent_conversations;create_without_grant:agent_custom_questions;create_without_grant:agent_drafts;create_without_grant:agent_environments;create_without_grant:agent_exports;create_without_grant:agent_integrations;create_without_grant:agent_memory;create_without_grant:agent_messages;create_without_grant:agent_runs;create_without_grant:agent_runtime_status;create_without_grant:agent_suggestions_cache;create_without_grant:agent_templates;create_without_grant:agent_versions;create_without_grant:agent_workflows;create_without_grant:agents;create_without_grant:ai_recommendations_cache;create_without_grant:audit_logs;create_without_grant:capture_cache;create_without_grant:captured_pages;create_without_grant:cloud_deployments;create_without_grant:contact_expert_logs;create_without_grant:content_embeddings;create_without_grant:copilot_events;create_without_grant:copilot_memory;create_without_grant:copilot_sessions;create_without_grant:copilot_sessions_cache;create_without_grant:crawl_jobs;create_without_grant:departments;create_without_grant:deployment_tracking;create_without_grant:deployments;create_without_grant:digital_twin_runs;create_without_grant:digital_twins;create_without_grant:document_analysis_jobs;create_without_grant:documents;create_without_grant:environments;create_without_grant:funding_programs;create_without_grant:heartbeats;create_without_grant:indexed_content;create_without_grant:industry_agents;create_without_grant:industry_templates;create_without_grant:integration_logs;create_without_grant:integration_sync_logs;create_without_grant:integrations;create_without_grant:integrations_connections;create_without_grant:integrations_tokens;create_without_grant:intelligence_settings;create_without_grant:knowledge_sources;create_without_grant:m2m_templates;create_without_grant:mcp_credentials;create_without_grant:mcp_servers_catalog;create_without_grant:mcp_sync_runs;create_without_grant:mcp_tokens;create_without_grant:system_health;create_without_grant:oauth_states;create_without_grant:organizations;create_without_grant:page_classifications;create_without_grant:page_summaries;create_without_grant:policies;create_without_grant:policy_audit;create_without_grant:policy_bindings;create_without_grant:profiles;create_without_grant:rag_chunks;create_without_grant:rag_documents;create_without_grant:rag_items;create_without_grant:rag_tokens;create_without_grant:recommendations;create_without_grant:roi_assumptions;create_without_grant:roi_snapshots;create_without_grant:scraper_logs;create_without_grant:search_analytics;create_without_grant:search_history;create_without_grant:site_crawls;create_without_grant:site_pages;create_without_grant:sites;create_without_grant:sovereign_dc_facilities;create_without_grant:sovereign_dc_simulation_runs;create_without_grant:system_builder_state;create_without_grant:system_events;create_without_grant:system_integrations;create_without_grant:team_invites;create_without_grant:user_roles;create_without_grant:website_content_cache;create_without_grant:workflow_edges;create_without_grant:workflow_nodes;create_without_grant:workflow_run_events;create_without_grant:workflow_runs;create_without_grant:workflows;create_without_grant:zapier_apps;permissive_true_policy
20251210005210_d6487de0-0ce4-48bc-9f18-9ab49c8f5358.sql,none,none,none
20251210010204_696d7788-e514-4dd6-b244-44913022649d.sql,none,none,none
20251210032625_0243a383-7873-4785-9fba-35924b2719a1.sql,agent_definitions;agent_definition_runs;twin_agent_bindings,none,create_without_grant:agent_definitions;create_without_grant:agent_definition_runs;create_without_grant:twin_agent_bindings
20251210033908_baac1120-6f3f-4a70-8a97-b6243ee72d47.sql,dc_scan_sessions;dc_blueprint_templates,none,create_without_grant:dc_scan_sessions;create_without_grant:dc_blueprint_templates;permissive_true_policy
20251210035930_9d8461f8-bf20-4982-b2b3-e7b541f01390.sql,data_centre_twins;twin_telemetry;twin_kpi_snapshots;twin_simulation_runs;twin_sovereignty_events;twin_carbon_emissions;twin_financial_records,none,create_without_grant:data_centre_twins;create_without_grant:twin_telemetry;create_without_grant:twin_kpi_snapshots;create_without_grant:twin_simulation_runs;create_without_grant:twin_sovereignty_events;create_without_grant:twin_carbon_emissions;create_without_grant:twin_financial_records
20251210154256_1d3d5af4-7144-4e93-867c-590124704414.sql,data_centre_locations,none,create_without_grant:data_centre_locations
20251210161218_24842690-23ac-4584-b6a3-c4d5e4de2284.sql,none,none,none
20251211160930_a2b70e13-b985-4f8c-b6b1-3176e8ad8fb6.sql,simulation_runs,none,create_without_grant:simulation_runs
20251211234933_b6d2e072-6b68-461f-b36d-dfed0429f21d.sql,none,none,none
20251215025535_d8b5f197-92b4-4311-ac40-6fc76d311db7.sql,user_preferences,none,create_without_grant:user_preferences
20260206150808_4cb276a5-a341-4b08-a939-83ac1e9b5bcc.sql,none,vw_mcp_servers;views;vw_templates_industry;vw_templates_m2m,secdef_without_search_path;permissive_true_policy
20260212035209_61e2d774-6a40-4d87-9762-b503050b64ad.sql,onboarding_submissions,none,create_without_grant:onboarding_submissions
20260212133602_bf66e00b-576a-44ac-bed1-89ab3179b68f.sql,none,none,none
20260218142636_a59bb8cb-5e00-4e13-b63d-19eb97d7d4bb.sql,none,none,none
20260218143534_31cc19e1-4fb9-4966-a613-ae0ca9085c16.sql,none,none,none
20260323173624_97384e28-beb3-4f8d-8d4b-dbadd65d6f9e.sql,none,none,none
20260724005954_e17e6492-dc51-46f8-bb87-642071501b8b.sql,role_change_audit,user_roles;role_change_audit;FUNCTION,none
20260727130319_4a37f3a0-40c6-4239-a538-24ca763524a8.sql,none,profiles,none
20260727130656_80c3b9f7-d3d9-4e42-9ca1-58637654ae4b.sql,dsx_connections;dsx_asset_mappings;dsx_events;dsx_events_quarantine;dsx_gateway_heartbeats;dsx_ingestion_audit,dsx_ingestion_audit;dsx_events_quarantine;dsx_events;dsx_gateway_heartbeats;FUNCTION;dsx_current_state;dsx_asset_mappings;dsx_connections,none
20260727130809_39726fbf-8483-4113-9ae4-f1c4fe590b28.sql,none,dsx_current_state;FUNCTION,none
20260727130904_e616a2e8-0b8f-489b-b991-65691db131a9.sql,none,dsx_ingestion_audit;dsx_events_quarantine;dsx_events;dsx_gateway_heartbeats;dsx_asset_mappings;dsx_connections,none
20260727131025_7eca23fe-318b-4668-b875-e64af0370c27.sql,none,FUNCTION,none
20260731185028_01b5764d-1ffd-480a-a835-acc0b51997fd.sql,none,none,none
20260804032041_0eb02d7f-aa2b-45e4-80c6-e3077b83805e.sql,none,FUNCTION,permissive_true_policy
20260804032127_4ab5dcd5-f35d-41b7-886f-075bc690c477.sql,none,none,none
20260805201525_6f5508ef-c912-4e58-9b9e-bb2f0ba54f48.sql,none,none,none
20260805201743_3d0c9661-de85-407b-b692-0a677304da70.sql,none,none,none
20260805205227_03768dd2-2daa-4482-bbea-618ccf42cc7a.sql,none,none,none
20260805205309_2b57e794-9a67-4c9a-8e8c-3035efd8a47c.sql,none,none,none
20260807142936_074153c1-7999-4bdf-8b36-4c150ab8ed65.sql,none,none,none
20260807143113_418ecd74-0115-4c03-bf35-59f8c6cc205e.sql,none,none,none
20260807143223_e55462eb-82b3-402e-b7f5-c66f63edbe65.sql,none,user_roles;FUNCTION,none
20260807143324_ef7c5f4c-3b03-4e99-8793-e55129cd5f0c.sql,none,FUNCTION,none
20260807143519_f68fa375-b6a6-4786-ade1-c2c104d136ce.sql,none,onboarding_submissions;SCHEMA;dc_blueprint_templates;sites;agent_definitions,permissive_true_policy
