function,lines,static_issues
agent-create,67,no_authorization_check
agent-draft-from-reco,195,no_authorization_check
agent-execute,208,none
agent-export,164,no_authorization_check
agent-plan-chat,135,none
agent-run,143,none
agent-stream,227,none
agent-suggestions,307,uses_service_role_key
agents-deploy,105,no_authorization_check
agents-list,90,no_authorization_check
agents-rollback,57,no_authorization_check
ai-config,64,wildcard_cors;no_authorization_check
ai-systems,104,no_authorization_check
ai-systems-unified,274,no_authorization_check
analytics-export,115,no_authorization_check
analytics-overview,165,no_authorization_check
analytics-systems,125,no_authorization_check
analyze-document-with-gemini,230,none
analyze-file,210,none
aoc-environment-promotion,162,wildcard_cors
aoc-runtime-action,151,wildcard_cors
aoc-runtime-control,179,uses_service_role_key;wildcard_cors
aoc-simulate-test,136,uses_service_role_key;wildcard_cors
arcade-servers,1243,wildcard_cors;possible_secret_logging
builder-generate-summary,215,none
builder-infer-goal,166,none
builder-test,59,no_authorization_check
builders-create,97,no_authorization_check
builders-deploy,170,no_authorization_check
builders-get,129,no_authorization_check
builders-update,105,no_authorization_check
catalog-mcp,184,wildcard_cors
catalog-templates-industry,101,no_authorization_check
catalog-templates-m2m,101,no_authorization_check
chat-with-twin,101,wildcard_cors
classify-content,183,none
classify-intent,141,wildcard_cors
copilot-chat,187,none
copilot-chat-simple,130,wildcard_cors
copilot-health,210,wildcard_cors
copilot-router,198,wildcard_cors
copilot-search,718,wildcard_cors
copilot-stream,1113,wildcard_cors;possible_secret_logging
dc-create-twin-from-recommendation,179,uses_service_role_key;wildcard_cors
dc-scan-url,369,uses_service_role_key;wildcard_cors
deterministic-recommendations,296,wildcard_cors
digital-twin-create,76,no_authorization_check
digital-twin-delete,58,no_authorization_check
digital-twin-event,221,wildcard_cors
digital-twin-get,59,no_authorization_check
digital-twin-list,72,no_authorization_check
digital-twin-run-get,193,wildcard_cors
digital-twin-runs-list,193,wildcard_cors
digital-twin-runtime,189,wildcard_cors
digital-twin-update,75,no_authorization_check
document-analysis-start,237,no_authorization_check
document-analysis-status,76,no_authorization_check
dsx-ingest,479,uses_service_role_key;wildcard_cors;possible_secret_logging
funding-query,115,wildcard_cors;no_authorization_check
funding-scraper,399,uses_service_role_key;wildcard_cors;no_authorization_check
generate-ai-recommendations,38,wildcard_cors;no_authorization_check
generate-ctas,236,wildcard_cors;no_authorization_check
green-dc-recommend,48,wildcard_cors;no_authorization_check
grounded-summary,172,uses_service_role_key;wildcard_cors
health,102,no_authorization_check
health-ai,76,wildcard_cors;no_authorization_check
health-check,41,no_authorization_check
ingest-file,100,wildcard_cors
integrations-connect,213,wildcard_cors
integrations-disconnect,132,wildcard_cors
integrations-list,68,no_authorization_check
integrations-test,283,wildcard_cors
integrations-zapier,176,uses_service_role_key;wildcard_cors
knowledge-index,76,no_authorization_check
knowledge-upload,101,no_authorization_check
knowledge-url,127,no_authorization_check
langgraph-log-run,69,wildcard_cors
langgraph-run,203,wildcard_cors
langgraph-search-docs,70,wildcard_cors
langgraph-upsert-doc,62,no_authorization_check
langgraph-upsert-memory,64,no_authorization_check
manual-recommendations,447,wildcard_cors
mcp-allowlist,112,no_authorization_check
mcp-connect,100,no_authorization_check
mcp-delete,103,no_authorization_check
mcp-register,127,no_authorization_check
mcp-sync,261,none
mcp-test-tool,156,none
mcp-validate,90,none
mcp-verify,131,none
metrics-summary,68,uses_service_role_key;wildcard_cors;no_authorization_check
migrate-credentials-to-vault,497,uses_service_role_key;wildcard_cors;possible_secret_logging
models-test,204,wildcard_cors
ops-environments,105,uses_service_role_key;wildcard_cors;no_authorization_check
ops-events,109,uses_service_role_key;wildcard_cors;no_authorization_check
ops-heartbeat,95,no_authorization_check
ops-ingest-health,83,uses_service_role_key;wildcard_cors;no_authorization_check
ops-overview,121,no_authorization_check
ops-systems,152,no_authorization_check
policy-evaluate,221,no_authorization_check
policy-validate,126,no_authorization_check
query-answer,194,uses_service_role_key;wildcard_cors
rag-db-connect,103,no_authorization_check
rag-items,101,no_authorization_check
rag-oauth-google,135,uses_service_role_key;wildcard_cors
rag-oauth-microsoft,129,uses_service_role_key;wildcard_cors
rag-s3-connect,96,wildcard_cors
rag-test,78,uses_service_role_key;wildcard_cors
rag-upload,66,uses_service_role_key;wildcard_cors
rag-urls,116,no_authorization_check
reco-selftest,217,uses_service_role_key;wildcard_cors
recommendations-generate,268,none
recommendations-generate-stream,237,uses_service_role_key;wildcard_cors
runs-recent,53,no_authorization_check
search,174,no_authorization_check
search-suggestions,215,wildcard_cors
systems-create,89,no_authorization_check
systems-create-from-template,100,no_authorization_check
systems-delete,153,no_authorization_check
systems-update,147,no_authorization_check
teams-invite,87,uses_service_role_key;wildcard_cors
template-preview-chat,113,wildcard_cors
template-test-run,150,wildcard_cors
template-validate,123,wildcard_cors;no_authorization_check
templates-list,43,no_authorization_check
templates-seed,219,uses_service_role_key;wildcard_cors;no_authorization_check
url-capture,860,uses_service_role_key;wildcard_cors
url-crawl,209,no_authorization_check
url-recommendations,1638,uses_service_role_key;wildcard_cors
url-turbo-capture,1110,uses_service_role_key;wildcard_cors
website-cache-clear,69,uses_service_role_key;wildcard_cors;no_authorization_check
website-cache-status,95,no_authorization_check
website-scan,244,no_authorization_check
workflow-ai-suggestions,150,wildcard_cors
workflow-run,432,no_authorization_check
workflow-save,173,wildcard_cors
workflow-simulate,169,wildcard_cors
zapier-action-execute,183,uses_service_role_key;wildcard_cors;no_authorization_check;possible_secret_logging
zapier-app-connect,86,wildcard_cors
zapier-app-disconnect,95,wildcard_cors
zapier-apps-detail,126,wildcard_cors
zapier-apps-list,141,no_authorization_check
zapier-apps-sync,276,uses_service_role_key;wildcard_cors;no_authorization_check
zapier-auto-refresh,164,uses_service_role_key;wildcard_cors;no_authorization_check;possible_secret_logging
zapier-connect,121,no_authorization_check
zapier-disconnect,80,wildcard_cors;possible_secret_logging
zapier-integration-status,114,wildcard_cors
zapier-oauth-callback,199,uses_service_role_key;wildcard_cors;no_authorization_check;possible_secret_logging
zapier-oauth-connect,93,wildcard_cors
zapier-oauth-start,109,uses_service_role_key;wildcard_cors
zapier-refresh-token,210,wildcard_cors;possible_secret_logging
zapier-status,99,wildcard_cors;possible_secret_logging
zapier-test,88,no_authorization_check
zapier-test-connection,78,wildcard_cors
zapier-webhook,122,no_authorization_check
zapier-webhook-trigger,114,uses_service_role_key;wildcard_cors;no_authorization_check
