function,deployed_verify_jwt,gateway_authentication,local_token_validation,admin_role_validation,permission_validation,tenant_validation,service_role_client_created,privileged_operations,user_controlled_identifiers,effective_caller_class,runtime_probe,severity
ai-systems,true (platform default; no config.toml override),enforced by gateway,none,none,none,none,yes,"read: public.agents (all rows, all owners)","department, search, sortBy, sortOrder",authenticated_without_admin_authorization,R-21 (blocked),HIGH
analytics-overview,true (platform default; no config.toml override),enforced by gateway,none,none,none,none,yes,"read: agents, roi_snapshots, agent_runs, agent_conversations (all owners)","department, dateRange filters",authenticated_without_admin_authorization,R-22 (blocked),HIGH
analytics-systems,true (platform default; no config.toml override),enforced by gateway,none,none,none,none,yes,"read: agents, roi_snapshots, agent_runs (all owners)","department, dateRange filters",authenticated_without_admin_authorization,R-22 (blocked),HIGH
analytics-export,true (platform default; no config.toml override),enforced by gateway,none,none,none,none,yes,"bulk export: agents, roi_snapshots, agent_runs (all owners) rendered to CSV/JSON","department, dateRange, format",authenticated_without_admin_authorization,R-23 (blocked),HIGH
ops-overview,true (platform default; no config.toml override),enforced by gateway,none,none,none,none,yes,"read: environments, agents, system_health (all owners)",environment filter,authenticated_without_admin_authorization,R-22 (blocked),HIGH
ops-systems,true (platform default; no config.toml override),enforced by gateway,none,none,none,none,yes,"read: agents, environments, system_health (all owners)","environment, status filters",authenticated_without_admin_authorization,R-22 (blocked),HIGH
ops-heartbeat,true (platform default; no config.toml override),enforced by gateway,none,none,none,none,yes,"write: insert public.heartbeats; update public.agents (arbitrary agent row, any owner)","agent_id (caller supplied), status, metrics",authenticated_without_admin_authorization,R-24 (blocked),CRITICAL
zapier-webhook,true (platform default; no config.toml override),enforced by gateway,none,none,none,none,yes,"write: update public.integrations; insert public.integration_logs (any owner)","app_key from URL path, passthrough payload body",authenticated_without_admin_authorization,R-25 (blocked),CRITICAL
integrations-list,true (platform default; no config.toml override),enforced by gateway,"yes - getAuthContext(req,'user') verifies the JWT via supabase.auth.getUser()",n/a (not an admin endpoint),owner-scoped query,RLS applies (anon-key client),no,read: integrations for the authenticated caller,none,authenticated_and_authorized,R-20 (blocked),INFORMATIONAL
